state,year,quarter,max_colonies,loss_pct,loss_colonies
Alabama,2015,Q1,7000,26,1800
Alabama,2015,Q2,7500,12,860
Alabama,2015,Q3,9000,16,1400
Alabama,2015,Q4,8000,8,610
Alabama,2016,Q1,7500,23,1700
Alabama,2016,Q2,8000,12,930
Alabama,2016,Q3,8000,15,1200
Alabama,2016,Q4,7000,9,610
Alabama,2017,Q1,7000,23,1600
Alabama,2017,Q2,6500,7,440
Alabama,2017,Q3,9500,9,900
Alabama,2017,Q4,7500,13,990
Alabama,2018,Q1,7500,11,820
Alabama,2018,Q2,8500,8,650
Alabama,2018,Q3,8500,20,1700
Alabama,2018,Q4,6500,13,830
Alabama,2019,Q1,5500,12,650
Alabama,2019,Q3,7000,14,990
Alabama,2019,Q4,6000,11,660
Alabama,2020,Q1,7000,6,410
Alabama,2020,Q2,8500,48,4100
Alabama,2020,Q3,19000,19,3700
Alabama,2020,Q4,17000,6,1100
Alabama,2021,Q1,10000,11,1100
Alabama,2021,Q2,9500,28,2700
Alabama,2021,Q3,9500,15,1400
Alabama,2021,Q4,9000,12,1100
Alabama,2022,Q1,11500,10,1100
Alabama,2022,Q2,12000,13,1500
Alabama,2022,Q3,14000,14,1900
Alabama,2022,Q4,11000,10,1100
Alabama,2023,Q1,15500,9,1400
Alabama,2023,Q2,16000,13,2100
Alabama,2023,Q3,15000,16,2400
Alabama,2023,Q4,10500,7,760
Alabama,2024,Q1,11000,15,1600
Alabama,2024,Q2,13500,10,1400
Arizona,2015,Q1,35000,13,4600
Arizona,2015,Q2,33000,17,5500
Arizona,2015,Q3,40000,15,6000
Arizona,2015,Q4,39000,31,12000
Arizona,2016,Q1,30000,16,4700
Arizona,2016,Q2,23000,16,3700
Arizona,2016,Q3,32000,19,6000
Arizona,2016,Q4,31000,21,6500
Arizona,2017,Q1,32000,19,6000
Arizona,2017,Q2,22000,12,2600
Arizona,2017,Q3,26000,16,4100
Arizona,2017,Q4,30000,22,6500
Arizona,2018,Q1,26000,23,6000
Arizona,2018,Q2,19500,13,2600
Arizona,2018,Q3,31000,26,8000
Arizona,2018,Q4,27000,19,5000
Arizona,2019,Q1,22000,11,2500
Arizona,2019,Q3,30000,7,2000
Arizona,2019,Q4,36000,19,7000
Arizona,2020,Q1,31000,27,8500
Arizona,2020,Q2,26000,5,1300
Arizona,2020,Q3,30000,27,8000
Arizona,2020,Q4,27000,15,4000
Arizona,2021,Q1,28000,23,6500
Arizona,2021,Q2,26000,17,4300
Arizona,2021,Q3,31000,21,6500
Arizona,2021,Q4,23000,24,5500
Arizona,2022,Q1,32000,7,2300
Arizona,2022,Q2,32000,13,4300
Arizona,2022,Q3,25000,8,1900
Arizona,2022,Q4,37000,14,5000
Arizona,2023,Q1,34000,2,510
Arizona,2023,Q2,34000,25,8500
Arizona,2023,Q3,30000,15,4600
Arizona,2023,Q4,28000,20,5500
Arizona,2024,Q1,30000,6,1900
Arizona,2024,Q2,36000,38,13500
Arkansas,2015,Q1,14000,11,1500
Arkansas,2015,Q2,13500,14,1900
Arkansas,2015,Q3,30000,30,9000
Arkansas,2015,Q4,27000,9,2400
Arkansas,2016,Q1,27000,19,5000
Arkansas,2016,Q2,24000,14,3400
Arkansas,2016,Q3,32000,5,1500
Arkansas,2016,Q4,28000,9,2500
Arkansas,2017,Q1,20000,18,3500
Arkansas,2017,Q2,24000,8,1900
Arkansas,2017,Q3,29000,21,6000
Arkansas,2017,Q4,25000,30,7500
Arkansas,2018,Q1,22000,34,7500
Arkansas,2018,Q2,16000,13,2000
Arkansas,2018,Q3,29000,8,2300
Arkansas,2018,Q4,31000,19,6000
Arkansas,2019,Q1,28000,23,6500
Arkansas,2019,Q3,21000,10,2100
Arkansas,2019,Q4,19500,8,1600
Arkansas,2020,Q1,16500,10,1600
Arkansas,2020,Q2,17000,11,1800
Arkansas,2020,Q3,22000,8,1700
Arkansas,2020,Q4,23000,9,2100
Arkansas,2021,Q1,21000,23,4900
Arkansas,2021,Q2,12500,13,1600
Arkansas,2021,Q3,20000,9,1800
Arkansas,2021,Q4,18000,3,480
Arkansas,2022,Q1,21000,12,2600
Arkansas,2022,Q2,23000,14,3200
Arkansas,2022,Q3,26000,17,4400
Arkansas,2022,Q4,22000,4,940
Arkansas,2023,Q1,23000,10,2200
Arkansas,2023,Q2,24000,46,11000
Arkansas,2023,Q3,34000,3,1000
Arkansas,2023,Q4,37000,8,3100
Arkansas,2024,Q1,21500,8,1700
Arkansas,2024,Q2,28000,10,2800
California,2015,Q1,1690000,15,255000
California,2015,Q2,1050000,10,104000
California,2015,Q3,800000,10,76000
California,2015,Q4,1260000,12,149000
California,2016,Q1,1410000,14,200000
California,2016,Q2,1150000,9,108000
California,2016,Q3,820000,10,82000
California,2016,Q4,1330000,15,205000
California,2017,Q1,1470000,13,195000
California,2017,Q2,990000,9,90000
California,2017,Q3,670000,10,67000
California,2017,Q4,1200000,13,155000
California,2018,Q1,1540000,14,215000
California,2018,Q2,1200000,9,110000
California,2018,Q3,700000,10,73000
California,2018,Q4,1200000,14,170000
California,2019,Q1,1580000,15,235000
California,2019,Q3,700000,13,93000
California,2019,Q4,1300000,10,136000
California,2020,Q1,1710000,13,230000
California,2020,Q2,1200000,8,100000
California,2020,Q3,700000,10,69000
California,2020,Q4,1400000,12,164000
California,2021,Q1,1600000,17,275000
California,2021,Q2,1060000,11,114000
California,2021,Q3,680000,4,25000
California,2021,Q4,1210000,4,50000
California,2022,Q1,1520000,11,162000
California,2022,Q2,1040000,10,107000
California,2022,Q3,660000,4,24000
California,2022,Q4,1050000,6,60000
California,2023,Q1,1330000,15,196000
California,2023,Q2,940000,16,152000
California,2023,Q3,600000,5,32000
California,2023,Q4,1000000,6,64000
California,2024,Q1,1000000,21,210000
California,2024,Q2,960000,6,58000
California,2024,Q3,630000,6,36000
California,2024,Q4,950000,9,88000
California,2025,Q1,1260000,7,83000
California,2025,Q2,840000,10,80000
Colorado,2015,Q1,12500,12,1500
Colorado,2015,Q2,25000,8,1900
Colorado,2015,Q3,30000,15,4500
Colorado,2015,Q4,24000,10,2500
Colorado,2016,Q1,8500,9,750
Colorado,2016,Q2,29000,6,1800
Colorado,2016,Q3,37000,18,6500
Colorado,2016,Q4,30000,15,4500
Colorado,2017,Q1,21000,5,1100
Colorado,2017,Q2,31000,15,4500
Colorado,2017,Q3,42000,10,4300
Colorado,2017,Q4,34000,21,7000
Colorado,2018,Q1,21000,23,4900
Colorado,2018,Q2,27000,11,3000
Colorado,2018,Q3,35000,14,5000
Colorado,2018,Q4,30000,12,3500
Colorado,2019,Q1,7500,4,320
Colorado,2019,Q3,36000,26,9500
Colorado,2019,Q4,27000,30,8000
Colorado,2020,Q1,13000,5,670
Colorado,2020,Q2,27000,8,2100
Colorado,2020,Q3,29000,24,7000
Colorado,2020,Q4,19000,26,5000
Colorado,2021,Q1,16500,4,700
Colorado,2021,Q2,25000,34,8500
Colorado,2021,Q3,22000,8,1700
Colorado,2021,Q4,13000,12,1600
Colorado,2022,Q1,8500,6,540
Colorado,2022,Q2,19500,7,1400
Colorado,2022,Q3,24000,12,2800
Colorado,2022,Q4,20000,10,2000
Colorado,2023,Q1,10500,5,520
Colorado,2023,Q2,33000,3,1100
Colorado,2023,Q3,26000,25,6500
Colorado,2023,Q4,15500,6,980
Colorado,2024,Q1,11000,3,370
Colorado,2024,Q2,18500,2,290
Connecticut,2015,Q1,3900,22,870
Connecticut,2015,Q2,3000,3,80
Connecticut,2015,Q3,3700,1,50
Connecticut,2015,Q4,3200,7,210
Connecticut,2016,Q1,2700,10,270
Connecticut,2016,Q2,2500,4,100
Connecticut,2016,Q3,3100,9,270
Connecticut,2016,Q4,3100,8,240
Connecticut,2017,Q1,3100,12,380
Connecticut,2017,Q2,3000,5,140
Connecticut,2017,Q3,3500,4,130
Connecticut,2017,Q4,4000,8,330
Connecticut,2018,Q1,2900,5,140
Connecticut,2018,Q2,3600,3,120
Connecticut,2018,Q3,3200,4,130
Connecticut,2018,Q4,3500,6,220
Connecticut,2019,Q1,3100,9,270
Connecticut,2019,Q3,4400,5,200
Connecticut,2019,Q4,4000,8,300
Connecticut,2020,Q1,3800,9,330
Connecticut,2020,Q2,4300,1,30
Connecticut,2020,Q3,4700,6,300
Connecticut,2020,Q4,4600,11,500
Connecticut,2021,Q1,4200,19,800
Connecticut,2021,Q2,4000,2,60
Connecticut,2021,Q3,4200,3,120
Connecticut,2021,Q4,4000,5,180
Connecticut,2022,Q1,4500,9,420
Connecticut,2022,Q2,4100,1,30
Connecticut,2022,Q3,4300,2,90
Connecticut,2022,Q4,4100,8,330
Connecticut,2023,Q1,4000,9,360
Connecticut,2023,Q2,4200,5,230
Connecticut,2023,Q3,4100,3,120
Connecticut,2023,Q4,4100,12,480
Connecticut,2024,Q1,4000,3,100
Connecticut,2024,Q2,4100,3,140
Florida,2015,Q1,315000,13,42000
Florida,2015,Q2,215000,16,35000
Florida,2015,Q3,220000,16,36000
Florida,2015,Q4,260000,14,37000
Florida,2016,Q1,295000,14,40000
Florida,2016,Q2,240000,12,29000
Florida,2016,Q3,220000,11,25000
Florida,2016,Q4,300000,14,41000
Florida,2017,Q1,265000,11,30000
Florida,2017,Q2,255000,14,35000
Florida,2017,Q3,180000,22,39000
Florida,2017,Q4,240000,21,50000
Florida,2018,Q1,255000,15,39000
Florida,2018,Q2,275000,20,56000
Florida,2018,Q3,220000,14,30000
Florida,2018,Q4,290000,15,43000
Florida,2019,Q1,315000,15,46000
Florida,2019,Q3,240000,8,20000
Florida,2019,Q4,300000,10,30000
Florida,2020,Q1,305000,10,30000
Florida,2020,Q2,310000,13,40000
Florida,2020,Q3,230000,13,29000
Florida,2020,Q4,290000,10,29000
Florida,2021,Q1,305000,10,31000
Florida,2021,Q2,300000,11,33000
Florida,2021,Q3,255000,15,39000
Florida,2021,Q4,310000,12,38000
Florida,2022,Q1,295000,8,24000
Florida,2022,Q2,310000,15,46000
Florida,2022,Q3,285000,20,58000
Florida,2022,Q4,300000,20,61000
Florida,2023,Q1,305000,11,34000
Florida,2023,Q2,295000,17,50000
Florida,2023,Q3,290000,12,34000
Florida,2023,Q4,335000,10,33000
Florida,2024,Q1,310000,8,24000
Florida,2024,Q2,310000,12,37000
Florida,2024,Q3,295000,11,32000
Florida,2024,Q4,310000,14,43000
Florida,2025,Q1,320000,13,40000
Florida,2025,Q2,325000,12,38000
Georgia,2015,Q1,105000,14,14500
Georgia,2015,Q2,124000,19,23000
Georgia,2015,Q3,110000,12,13000
Georgia,2015,Q4,121000,15,18000
Georgia,2016,Q1,100000,16,15500
Georgia,2016,Q2,111000,10,11000
Georgia,2016,Q3,103000,13,13000
Georgia,2016,Q4,112000,10,11000
Georgia,2017,Q1,125000,11,14000
Georgia,2017,Q2,137000,9,12500
Georgia,2017,Q3,122000,13,15500
Georgia,2017,Q4,145000,14,21000
Georgia,2018,Q1,139000,18,25000
Georgia,2018,Q2,137000,13,18000
Georgia,2018,Q3,138000,12,17000
Georgia,2018,Q4,164000,12,19500
Georgia,2019,Q1,129000,11,14500
Georgia,2019,Q3,118000,11,13000
Georgia,2019,Q4,131000,15,20000
Georgia,2020,Q1,119000,12,14500
Georgia,2020,Q2,147000,7,10000
Georgia,2020,Q3,163000,14,23000
Georgia,2020,Q4,174000,17,30000
Georgia,2021,Q1,120000,17,20000
Georgia,2021,Q2,135000,16,21000
Georgia,2021,Q3,123000,18,22000
Georgia,2021,Q4,132000,18,24000
Georgia,2022,Q1,119000,12,14000
Georgia,2022,Q2,131000,20,26000
Georgia,2022,Q3,118000,19,23000
Georgia,2022,Q4,133000,23,30000
Georgia,2023,Q1,121000,11,13000
Georgia,2023,Q2,132000,23,31000
Georgia,2023,Q3,133000,17,23000
Georgia,2023,Q4,140000,18,25000
Georgia,2024,Q1,130000,22,28000
Georgia,2024,Q2,145000,9,13000
Georgia,2024,Q3,153000,23,35000
Georgia,2024,Q4,153000,20,31000
Georgia,2025,Q1,146000,18,26000
Georgia,2025,Q2,156000,16,25000
Hawaii,2015,Q1,10500,4,380
Hawaii,2015,Q2,13500,1,120
Hawaii,2015,Q3,14500,19,2700
Hawaii,2015,Q4,13000,5,690
Hawaii,2016,Q1,15000,2,280
Hawaii,2016,Q2,13500,6,830
Hawaii,2016,Q3,13500,4,600
Hawaii,2016,Q4,13500,7,970
Hawaii,2017,Q1,13000,1,190
Hawaii,2017,Q2,12000,1,70
Hawaii,2017,Q3,15000,7,1100
Hawaii,2017,Q4,15000,1,130
Hawaii,2018,Q1,17000,9,1600
Hawaii,2018,Q2,16500,2,380
Hawaii,2018,Q3,16500,11,1800
Hawaii,2018,Q4,16000,6,940
Hawaii,2019,Q1,16500,2,390
Hawaii,2019,Q3,17000,1,200
Hawaii,2019,Q4,17000,8,1300
Hawaii,2020,Q1,16000,11,1800
Hawaii,2020,Q2,15500,0,0
Hawaii,2020,Q3,18500,3,500
Hawaii,2020,Q4,22000,12,2700
Hawaii,2021,Q1,19500,4,800
Hawaii,2021,Q2,21000,2,490
Hawaii,2021,Q3,21000,5,1100
Hawaii,2021,Q4,20000,1,100
Idaho,2015,Q1,88000,4,3700
Idaho,2015,Q2,72000,9,6500
Idaho,2015,Q3,128000,11,14000
Idaho,2015,Q4,145000,15,22000
Idaho,2016,Q1,98000,9,8500
Idaho,2016,Q2,80000,8,6000
Idaho,2016,Q3,131000,10,13000
Idaho,2016,Q4,143000,11,15500
Idaho,2017,Q1,99000,9,8500
Idaho,2017,Q2,78000,13,10500
Idaho,2017,Q3,116000,10,12000
Idaho,2017,Q4,164000,5,9000
Idaho,2018,Q1,168000,13,22000
Idaho,2018,Q2,94000,7,6500
Idaho,2018,Q3,101000,14,14000
Idaho,2018,Q4,159000,9,15000
Idaho,2019,Q1,145000,9,12500
Idaho,2019,Q3,111000,9,10500
Idaho,2019,Q4,196000,8,15500
Idaho,2020,Q1,168000,11,18500
Idaho,2020,Q2,81000,22,18000
Idaho,2020,Q3,85000,13,11000
Idaho,2020,Q4,180000,11,19000
Idaho,2021,Q1,193000,8,14500
Idaho,2021,Q2,120000,16,19500
Idaho,2021,Q3,135000,3,3500
Idaho,2021,Q4,230000,10,22000
Idaho,2022,Q1,215000,4,8000
Idaho,2022,Q2,111000,17,19000
Idaho,2022,Q3,112000,8,9500
Idaho,2022,Q4,154000,14,22000
Idaho,2023,Q1,167000,7,12500
Idaho,2023,Q2,132000,5,7000
Idaho,2023,Q3,154000,5,8000
Idaho,2023,Q4,215000,2,4000
Idaho,2024,Q1,195000,12,23000
Idaho,2024,Q2,130000,6,8000
Idaho,2024,Q3,155000,6,10000
Idaho,2024,Q4,225000,11,25000
Idaho,2025,Q1,200000,6,11000
Idaho,2025,Q2,132000,6,8000
Illinois,2015,Q1,10500,40,4200
Illinois,2015,Q2,9500,14,1300
Illinois,2015,Q3,14000,10,1400
Illinois,2015,Q4,14000,5,690
Illinois,2016,Q1,9500,15,1400
Illinois,2016,Q2,9000,8,740
Illinois,2016,Q3,11000,12,1300
Illinois,2016,Q4,9000,8,720
Illinois,2017,Q1,11000,26,2900
Illinois,2017,Q2,12000,10,1200
Illinois,2017,Q3,13000,8,1100
Illinois,2017,Q4,13500,13,1800
Illinois,2018,Q1,10500,23,2400
Illinois,2018,Q2,10500,22,2300
Illinois,2018,Q3,11000,6,660
Illinois,2018,Q4,12000,12,1400
Illinois,2019,Q1,9000,26,2300
Illinois,2019,Q3,13500,7,940
Illinois,2019,Q4,13000,13,1700
Illinois,2020,Q1,11500,21,2400
Illinois,2020,Q2,12000,13,1500
Illinois,2020,Q3,14000,10,1400
Illinois,2020,Q4,13000,13,1700
Illinois,2021,Q1,13000,23,3000
Illinois,2021,Q2,13000,8,1100
Illinois,2021,Q3,14500,5,680
Illinois,2021,Q4,12500,10,1300
Illinois,2022,Q1,11500,19,2200
Illinois,2022,Q2,9500,12,1100
Illinois,2022,Q3,12500,9,1100
Illinois,2022,Q4,11000,15,1600
Illinois,2023,Q1,9500,19,1800
Illinois,2023,Q2,9500,6,530
Illinois,2023,Q3,12000,8,950
Illinois,2023,Q4,11000,7,740
Illinois,2024,Q1,10500,22,2300
Illinois,2024,Q2,8500,9,800
Indiana,2015,Q1,9500,22,2100
Indiana,2015,Q2,12500,10,1300
Indiana,2015,Q3,15000,11,1600
Indiana,2015,Q4,11500,10,1100
Indiana,2016,Q1,6500,12,770
Indiana,2016,Q2,7000,3,220
Indiana,2016,Q3,9500,6,600
Indiana,2016,Q4,7500,16,1200
Indiana,2017,Q1,7500,25,1900
Indiana,2017,Q2,11000,11,1200
Indiana,2017,Q3,13000,7,930
Indiana,2017,Q4,11500,15,1700
Indiana,2018,Q1,8000,13,1000
Indiana,2018,Q2,9500,19,1800
Indiana,2018,Q3,11500,9,990
Indiana,2018,Q4,9000,37,3300
Indiana,2019,Q1,6000,12,710
Indiana,2019,Q3,16000,6,1000
Indiana,2019,Q4,17500,7,1300
Indiana,2020,Q1,11000,15,1600
Indiana,2020,Q2,12000,8,920
Indiana,2020,Q3,15000,11,1600
Indiana,2020,Q4,11000,8,930
Indiana,2021,Q1,11000,24,2600
Indiana,2021,Q2,13000,4,560
Indiana,2021,Q3,16500,10,1700
Indiana,2021,Q4,14500,12,1700
Indiana,2022,Q1,9500,31,2900
Indiana,2022,Q2,10000,16,1600
Indiana,2022,Q3,14000,5,650
Indiana,2022,Q4,12500,18,2200
Indiana,2023,Q1,10000,13,1300
Indiana,2023,Q2,10500,3,320
Indiana,2023,Q3,15500,3,440
Indiana,2023,Q4,15000,27,4100
Indiana,2024,Q1,11000,4,410
Indiana,2024,Q2,12500,3,420
Iowa,2015,Q1,17500,18,3100
Iowa,2015,Q2,24000,6,1400
Iowa,2015,Q3,37000,8,3000
Iowa,2015,Q4,35000,12,4300
Iowa,2016,Q1,13000,22,2900
Iowa,2016,Q2,26000,9,2400
Iowa,2016,Q3,50000,11,5500
Iowa,2016,Q4,54000,9,4700
Iowa,2017,Q1,15500,19,3000
Iowa,2017,Q2,23000,10,2400
Iowa,2017,Q3,43000,5,2200
Iowa,2017,Q4,45000,14,6500
Iowa,2018,Q1,44000,5,2100
Iowa,2018,Q2,47000,9,4300
Iowa,2018,Q3,57000,6,3600
Iowa,2018,Q4,21000,20,4200
Iowa,2019,Q1,11500,14,1600
Iowa,2019,Q3,33000,10,3400
Iowa,2019,Q4,32000,23,7500
Iowa,2020,Q1,17000,9,1600
Iowa,2020,Q2,29000,12,3600
Iowa,2020,Q3,38000,5,1800
Iowa,2020,Q4,38000,13,4800
Iowa,2021,Q1,26000,8,2100
Iowa,2021,Q2,29000,8,2200
Iowa,2021,Q3,54000,8,4500
Iowa,2021,Q4,51000,8,4000
Iowa,2022,Q1,29000,10,2800
Iowa,2022,Q2,49000,5,2300
Iowa,2022,Q3,53000,1,650
Iowa,2022,Q4,51000,3,1700
Iowa,2023,Q1,64000,3,1700
Iowa,2023,Q2,69000,5,3400
Iowa,2023,Q3,71000,3,1800
Iowa,2023,Q4,70000,2,1700
Iowa,2024,Q1,59000,3,1900
Iowa,2024,Q2,56000,6,3300
Iowa,2024,Q3,55000,11,6000
Iowa,2024,Q4,51000,8,4200
Iowa,2025,Q1,49000,8,3900
Iowa,2025,Q2,56000,7,3700
Kansas,2015,Q1,7000,23,1600
Kansas,2015,Q2,7000,10,670
Kansas,2015,Q3,9500,11,1000
Kansas,2015,Q4,8500,40,3400
Kansas,2016,Q1,5000,22,1100
Kansas,2016,Q2,6000,16,960
Kansas,2016,Q3,8000,33,2600
Kansas,2016,Q4,5000,26,1300
Kansas,2017,Q1,3800,26,1000
Kansas,2017,Q2,6000,7,390
Kansas,2017,Q3,7000,24,1700
Kansas,2017,Q4,6500,13,830
Kansas,2018,Q1,3700,26,950
Kansas,2018,Q2,3900,8,300
Kansas,2018,Q3,6000,16,950
Kansas,2018,Q4,5500,18,1000
Kansas,2019,Q1,4500,33,1500
Kansas,2019,Q3,7500,25,1900
Kansas,2019,Q4,4900,13,650
Kansas,2020,Q1,6500,12,760
Kansas,2020,Q2,8000,9,680
Kansas,2020,Q3,7000,13,910
Kansas,2020,Q4,7000,34,2400
Kansas,2021,Q1,8000,18,1400
Kansas,2021,Q2,8000,24,1900
Kansas,2021,Q3,9000,18,1600
Kansas,2021,Q4,8000,26,2100
Kansas,2022,Q1,5000,10,520
Kansas,2022,Q2,4900,15,720
Kansas,2022,Q3,7000,14,1000
Kansas,2022,Q4,6000,14,860
Kansas,2023,Q1,3900,13,490
Kansas,2023,Q2,3300,23,760
Kansas,2023,Q3,5500,7,400
Kansas,2023,Q4,3300,24,800
Kansas,2024,Q1,4500,6,270
Kansas,2024,Q2,6000,12,740
Kentucky,2015,Q1,10500,39,4100
Kentucky,2015,Q2,8500,12,980
Kentucky,2015,Q3,10000,13,1300
Kentucky,2015,Q4,8500,13,1100
Kentucky,2016,Q1,6500,20,1300
Kentucky,2016,Q2,6000,8,450
Kentucky,2016,Q3,7500,13,1000
Kentucky,2016,Q4,7500,13,950
Kentucky,2017,Q1,7000,19,1300
Kentucky,2017,Q2,7500,12,900
Kentucky,2017,Q3,9000,18,1600
Kentucky,2017,Q4,7500,12,870
Kentucky,2018,Q1,5500,22,1200
Kentucky,2018,Q2,6000,15,910
Kentucky,2018,Q3,7000,12,840
Kentucky,2018,Q4,7000,29,2000
Kentucky,2019,Q1,4400,20,890
Kentucky,2019,Q3,8500,10,850
Kentucky,2019,Q4,8500,5,410
Kentucky,2020,Q1,11000,11,1200
Kentucky,2020,Q2,11000,11,1200
Kentucky,2020,Q3,12000,12,1400
Kentucky,2020,Q4,11500,10,1100
Kentucky,2021,Q1,11000,19,2100
Kentucky,2021,Q2,11500,2,270
Kentucky,2021,Q3,10500,10,1100
Kentucky,2021,Q4,10500,8,880
Kentucky,2022,Q1,9500,14,1300
Kentucky,2022,Q2,10500,6,610
Kentucky,2022,Q3,13500,6,820
Kentucky,2022,Q4,15500,15,2300
Kentucky,2023,Q1,10500,10,1100
Kentucky,2023,Q2,9500,6,550
Kentucky,2023,Q3,8000,9,740
Kentucky,2023,Q4,8000,11,860
Kentucky,2024,Q1,16000,4,660
Kentucky,2024,Q2,15000,8,1200
Louisiana,2015,Q1,51000,16,8000
Louisiana,2015,Q2,45000,4,1800
Louisiana,2015,Q3,55000,4,2000
Louisiana,2015,Q4,71000,7,4900
Louisiana,2016,Q1,55000,20,11000
Louisiana,2016,Q2,53000,8,4300
Louisiana,2016,Q3,60000,12,7000
Louisiana,2016,Q4,57000,4,2000
Louisiana,2017,Q1,47000,6,2700
Louisiana,2017,Q2,62000,4,2600
Louisiana,2017,Q3,64000,21,13500
Louisiana,2017,Q4,60000,5,2700
Louisiana,2018,Q1,52000,7,3600
Louisiana,2018,Q2,48000,3,1400
Louisiana,2018,Q3,53000,4,1900
Louisiana,2018,Q4,52000,5,2600
Louisiana,2019,Q1,51000,7,3500
Louisiana,2019,Q3,44000,9,4100
Louisiana,2019,Q4,46000,5,2300
Louisiana,2020,Q1,48000,10,4800
Louisiana,2020,Q2,53000,3,1800
Louisiana,2020,Q3,48000,5,2600
Louisiana,2020,Q4,52000,3,1700
Louisiana,2021,Q1,53000,13,7000
Louisiana,2021,Q2,29000,8,2300
Louisiana,2021,Q3,31000,7,2300
Louisiana,2021,Q4,36000,8,2800
Louisiana,2022,Q1,37000,16,6000
Louisiana,2022,Q2,42000,5,1900
Louisiana,2022,Q3,55000,8,4500
Louisiana,2022,Q4,34000,9,3100
Louisiana,2023,Q1,38000,13,4800
Louisiana,2023,Q2,44000,6,2700
Louisiana,2023,Q3,46000,7,3300
Louisiana,2023,Q4,44000,4,1700
Louisiana,2024,Q1,44000,19,8500
Louisiana,2024,Q2,46000,4,1900
Louisiana,2024,Q3,48000,14,6500
Louisiana,2024,Q4,48000,21,10000
Louisiana,2025,Q1,80000,8,6500
Louisiana,2025,Q2,81000,19,15500
Maine,2015,Q1,6500,6,380
Maine,2015,Q2,30000,11,3200
Maine,2015,Q3,6000,8,450
Maine,2015,Q4,4700,1,60
Maine,2016,Q1,3700,5,170
Maine,2016,Q2,25000,17,4200
Maine,2016,Q3,5500,8,420
Maine,2016,Q4,3500,8,280
Maine,2017,Q1,3100,32,1000
Maine,2017,Q2,33000,3,910
Maine,2017,Q3,6000,7,400
Maine,2017,Q4,6000,1,60
Maine,2018,Q1,1900,22,410
Maine,2018,Q2,23000,13,3100
Maine,2018,Q3,12500,7,890
Maine,2018,Q4,12000,12,1400
Maine,2019,Q1,7000,7,470
Maine,2019,Q3,12000,9,1100
Maine,2019,Q4,11500,7,770
Maine,2020,Q1,1300,12,160
Maine,2020,Q2,22000,3,700
Maine,2020,Q3,10000,15,1500
Maine,2020,Q4,9000,1,100
Maine,2021,Q1,2900,10,300
Maine,2021,Q2,18000,6,1100
Maine,2021,Q3,10000,14,1400
Maine,2021,Q4,5500,13,700
Maine,2022,Q1,8000,4,340
Maine,2022,Q2,19500,5,890
Maine,2022,Q3,11000,59,6500
Maine,2022,Q4,4900,3,150
Maine,2023,Q1,7500,4,290
Maine,2023,Q2,15500,6,1000
Maine,2023,Q3,6000,23,1400
Maine,2023,Q4,4300,5,220
Maine,2024,Q1,9000,4,370
Maine,2024,Q2,9500,9,850
Maryland,2015,Q1,10000,41,4100
Maryland,2015,Q2,11000,3,370
Maryland,2015,Q3,7500,9,680
Maryland,2015,Q4,9500,8,730
Maryland,2016,Q1,7500,11,820
Maryland,2016,Q2,9000,4,320
Maryland,2016,Q3,7000,3,200
Maryland,2016,Q4,9500,5,500
Maryland,2017,Q1,9000,23,2100
Maryland,2017,Q2,9500,2,190
Maryland,2017,Q3,8500,19,1600
Maryland,2017,Q4,10500,12,1300
Maryland,2018,Q1,8000,20,1600
Maryland,2018,Q2,8000,5,370
Maryland,2018,Q3,7500,5,360
Maryland,2018,Q4,9000,8,690
Maryland,2019,Q1,8000,29,2300
Maryland,2019,Q3,7500,11,790
Maryland,2019,Q4,8000,14,1100
Maryland,2020,Q1,7000,27,1900
Maryland,2020,Q2,8000,8,670
Maryland,2020,Q3,7500,9,690
Maryland,2020,Q4,8000,12,980
Maryland,2021,Q1,7000,26,1800
Maryland,2021,Q2,7500,4,320
Maryland,2021,Q3,6000,8,490
Maryland,2021,Q4,6000,12,720
Maryland,2022,Q1,8500,22,1900
Maryland,2022,Q2,8500,5,390
Maryland,2022,Q3,4800,11,510
Maryland,2022,Q4,5000,10,520
Maryland,2023,Q1,6000,18,1100
Maryland,2023,Q2,5500,4,200
Maryland,2023,Q3,4200,4,170
Maryland,2023,Q4,6500,29,1900
Maryland,2024,Q1,5000,13,660
Maryland,2024,Q2,6000,5,320
Massachusetts,2015,Q1,4600,22,1000
Massachusetts,2015,Q2,14000,2,320
Massachusetts,2015,Q3,7500,8,560
Massachusetts,2015,Q4,4500,6,260
Massachusetts,2016,Q1,3000,12,370
Massachusetts,2016,Q2,8500,4,300
Massachusetts,2016,Q3,9500,6,530
Massachusetts,2016,Q4,8000,9,740
Massachusetts,2017,Q1,3300,45,1500
Massachusetts,2017,Q2,8000,2,140
Massachusetts,2017,Q3,9000,8,760
Massachusetts,2017,Q4,6000,18,1100
Massachusetts,2018,Q1,3700,27,1000
Massachusetts,2018,Q2,8000,3,260
Massachusetts,2018,Q3,10000,22,2200
Massachusetts,2018,Q4,4900,13,650
Massachusetts,2019,Q1,3800,18,680
Massachusetts,2019,Q3,13500,8,1100
Massachusetts,2019,Q4,5000,24,1200
Massachusetts,2020,Q1,3800,12,470
Massachusetts,2020,Q2,13500,5,630
Massachusetts,2020,Q3,11000,3,330
Massachusetts,2020,Q4,10000,4,390
Massachusetts,2021,Q1,5000,20,980
Massachusetts,2021,Q2,12000,7,810
Massachusetts,2021,Q3,13000,8,1100
Massachusetts,2021,Q4,10500,3,290
Massachusetts,2022,Q1,6000,16,950
Massachusetts,2022,Q2,10500,3,270
Massachusetts,2022,Q3,9000,4,400
Massachusetts,2022,Q4,6000,4,260
Massachusetts,2023,Q1,8000,10,820
Massachusetts,2023,Q2,10500,14,1500
Massachusetts,2023,Q3,9000,4,380
Massachusetts,2023,Q4,5500,11,590
Massachusetts,2024,Q1,5600,12,650
Massachusetts,2024,Q2,5500,4,220
Michigan,2015,Q1,60000,19,11500
Michigan,2015,Q2,88000,11,9500
Michigan,2015,Q3,89000,8,7000
Michigan,2015,Q4,73000,12,9000
Michigan,2016,Q1,42000,12,5000
Michigan,2016,Q2,103000,7,7500
Michigan,2016,Q3,108000,14,15000
Michigan,2016,Q4,101000,12,12500
Michigan,2017,Q1,59000,8,5000
Michigan,2017,Q2,100000,8,7500
Michigan,2017,Q3,109000,16,17500
Michigan,2017,Q4,88000,13,11500
Michigan,2018,Q1,37000,19,7000
Michigan,2018,Q2,70000,11,7500
Michigan,2018,Q3,88000,9,8000
Michigan,2018,Q4,77000,8,6000
Michigan,2019,Q1,33000,20,6500
Michigan,2019,Q3,99000,11,11000
Michigan,2019,Q4,84000,8,6500
Michigan,2020,Q1,60000,12,7000
Michigan,2020,Q2,85000,2,1500
Michigan,2020,Q3,106000,32,34000
Michigan,2020,Q4,101000,10,10500
Michigan,2021,Q1,78000,2,1500
Michigan,2021,Q2,112000,3,3500
Michigan,2021,Q3,120000,7,8500
Michigan,2021,Q4,105000,6,6000
Michigan,2022,Q1,71000,6,4500
Michigan,2022,Q2,88000,4,3200
Michigan,2022,Q3,98000,16,15500
Michigan,2022,Q4,73000,8,5500
Michigan,2023,Q1,64000,14,9000
Michigan,2023,Q2,85000,5,4200
Michigan,2023,Q3,105000,8,8500
Michigan,2023,Q4,75000,10,7500
Michigan,2024,Q1,90000,3,3000
Michigan,2024,Q2,95000,8,8000
Michigan,2024,Q3,97000,8,8000
Michigan,2024,Q4,91000,9,8000
Michigan,2025,Q1,85500,4,3100
Michigan,2025,Q2,87000,7,6500
Minnesota,2015,Q1,74000,5,3700
Minnesota,2015,Q2,125000,10,12500
Minnesota,2015,Q3,136000,24,32000
Minnesota,2015,Q4,105000,10,10000
Minnesota,2016,Q1,38000,14,5500
Minnesota,2016,Q2,126000,10,13000
Minnesota,2016,Q3,138000,19,26000
Minnesota,2016,Q4,114000,12,13500
Minnesota,2017,Q1,41000,9,3500
Minnesota,2017,Q2,128000,9,12000
Minnesota,2017,Q3,136000,15,20000
Minnesota,2017,Q4,98000,7,7000
Minnesota,2018,Q1,62000,6,3900
Minnesota,2018,Q2,116000,7,8500
Minnesota,2018,Q3,127000,23,29000
Minnesota,2018,Q4,86000,13,11500
Minnesota,2019,Q1,43000,5,2200
Minnesota,2019,Q3,129000,16,21000
Minnesota,2019,Q4,97000,16,15500
Minnesota,2020,Q1,58000,2,920
Minnesota,2020,Q2,126000,10,13000
Minnesota,2020,Q3,119000,9,10500
Minnesota,2020,Q4,105000,9,9500
Minnesota,2021,Q1,73000,4,3200
Minnesota,2021,Q2,98000,6,5500
Minnesota,2021,Q3,106000,7,7000
Minnesota,2021,Q4,100000,11,10500
Minnesota,2022,Q1,97000,2,1500
Minnesota,2022,Q2,110000,1,1500
Minnesota,2022,Q3,106000,7,7500
Minnesota,2022,Q4,99000,5,4600
Minnesota,2023,Q1,57000,2,1100
Minnesota,2023,Q2,76000,3,2600
Minnesota,2023,Q3,72000,8,5500
Minnesota,2023,Q4,57000,11,6000
Minnesota,2024,Q1,100000,1,830
Minnesota,2024,Q2,112000,2,2000
Minnesota,2024,Q3,120000,9,10500
Minnesota,2024,Q4,116000,7,8500
Minnesota,2025,Q1,97500,2,1700
Minnesota,2025,Q2,104000,6,6000
Mississippi,2015,Q1,76000,11,8500
Mississippi,2015,Q2,89000,12,11000
Mississippi,2015,Q3,34000,10,3500
Mississippi,2015,Q4,34000,4,1500
Mississippi,2016,Q1,50000,15,7500
Mississippi,2016,Q2,90000,4,3700
Mississippi,2016,Q3,20000,17,3300
Mississippi,2016,Q4,30000,8,2400
Mississippi,2017,Q1,68000,4,2600
Mississippi,2017,Q2,89000,4,3800
Mississippi,2017,Q3,24000,12,2900
Mississippi,2017,Q4,22000,15,3400
Mississippi,2018,Q1,32000,6,2000
Mississippi,2018,Q2,50000,7,3400
Mississippi,2018,Q3,16500,18,2900
Mississippi,2018,Q4,25000,8,2000
Mississippi,2019,Q1,29000,8,2400
Mississippi,2019,Q3,23000,13,2900
Mississippi,2019,Q4,29000,12,3400
Mississippi,2020,Q1,28000,18,5000
Mississippi,2020,Q2,37000,12,4500
Mississippi,2020,Q3,29000,6,1600
Mississippi,2020,Q4,37000,10,3800
Mississippi,2021,Q1,36000,15,5500
Mississippi,2021,Q2,35000,13,4600
Mississippi,2021,Q3,18500,10,1900
Mississippi,2021,Q4,23000,13,3000
Mississippi,2022,Q1,37000,9,3400
Mississippi,2022,Q2,47000,19,9000
Mississippi,2022,Q3,21000,13,2700
Mississippi,2022,Q4,31000,12,3600
Mississippi,2023,Q1,37000,6,2300
Mississippi,2023,Q2,72000,5,3500
Mississippi,2023,Q3,28000,15,4100
Mississippi,2023,Q4,34000,10,3500
Mississippi,2024,Q1,42000,9,3700
Mississippi,2024,Q2,49000,9,4500
Mississippi,2024,Q3,21000,16,3400
Mississippi,2024,Q4,34000,24,8000
Mississippi,2025,Q1,60000,7,4000
Mississippi,2025,Q2,71000,4,3000
Missouri,2015,Q1,13000,15,2000
Missouri,2015,Q2,12500,4,500
Missouri,2015,Q3,14000,9,1200
Missouri,2015,Q4,13500,5,690
Missouri,2016,Q1,10000,13,1300
Missouri,2016,Q2,12500,6,770
Missouri,2016,Q3,13500,5,650
Missouri,2016,Q4,9000,7,590
Missouri,2017,Q1,7500,16,1200
Missouri,2017,Q2,7000,4,270
Missouri,2017,Q3,9000,6,580
Missouri,2017,Q4,9500,9,820
Missouri,2018,Q1,8000,18,1400
Missouri,2018,Q2,7000,6,390
Missouri,2018,Q3,10000,5,540
Missouri,2018,Q4,10000,9,880
Missouri,2019,Q1,8500,13,1100
Missouri,2019,Q3,10500,5,500
Missouri,2019,Q4,10000,15,1500
Missouri,2020,Q1,8500,65,5500
Missouri,2020,Q2,6500,6,390
Missouri,2020,Q3,8000,9,730
Missouri,2020,Q4,7000,11,750
Missouri,2021,Q1,5500,16,900
Missouri,2021,Q2,4800,14,670
Missouri,2021,Q3,7000,7,480
Missouri,2021,Q4,7500,8,590
Missouri,2022,Q1,11000,7,730
Missouri,2022,Q2,10500,14,1500
Missouri,2022,Q3,8500,8,660
Missouri,2022,Q4,7000,5,380
Missouri,2023,Q1,9000,10,940
Missouri,2023,Q2,10000,4,390
Missouri,2023,Q3,13500,7,880
Missouri,2023,Q4,14000,4,600
Missouri,2024,Q1,11500,10,1100
Missouri,2024,Q2,12500,4,540
Montana,2015,Q1,36000,6,2200
Montana,2015,Q2,210000,2,4200
Montana,2015,Q3,156000,7,10500
Montana,2015,Q4,123000,8,10000
Montana,2016,Q1,65000,1,900
Montana,2016,Q2,157000,4,7000
Montana,2016,Q3,158000,7,11500
Montana,2016,Q4,124000,13,16000
Montana,2017,Q1,46000,1,470
Montana,2017,Q2,135000,3,3700
Montana,2017,Q3,161000,11,18500
Montana,2017,Q4,121000,11,13000
Montana,2018,Q1,60000,,140
Montana,2018,Q2,176000,3,5500
Montana,2018,Q3,153000,12,18500
Montana,2018,Q4,102000,5,5500
Montana,2019,Q1,68000,5,3500
Montana,2019,Q3,154000,12,18500
Montana,2019,Q4,79000,9,7000
Montana,2020,Q1,47000,,150
Montana,2020,Q2,120000,2,2000
Montana,2020,Q3,139000,6,8500
Montana,2020,Q4,92000,15,14000
Montana,2021,Q1,51000,1,330
Montana,2021,Q2,116000,3,3200
Montana,2021,Q3,114000,5,6000
Montana,2021,Q4,102000,17,17000
Montana,2022,Q1,54000,1,300
Montana,2022,Q2,106000,1,960
Montana,2022,Q3,124000,5,6000
Montana,2022,Q4,101000,4,4500
Montana,2023,Q1,51000,,70
Montana,2023,Q2,97000,5,4500
Montana,2023,Q3,98000,7,6500
Montana,2023,Q4,87000,3,2600
Montana,2024,Q1,41000,0,50
Montana,2024,Q2,92000,1,520
Montana,2024,Q3,115000,7,7500
Montana,2024,Q4,99000,16,15500
Montana,2025,Q1,48000,0,200
Montana,2025,Q2,100000,10,9500
Nebraska,2015,Q1,31000,8,2600
Nebraska,2015,Q2,68000,6,4100
Nebraska,2015,Q3,77000,8,6000
Nebraska,2015,Q4,73000,10,7000
Nebraska,2016,Q1,20000,4,720
Nebraska,2016,Q2,43000,14,6000
Nebraska,2016,Q3,47000,18,8500
Nebraska,2016,Q4,37000,12,4300
Nebraska,2017,Q1,13000,6,750
Nebraska,2017,Q2,43000,3,1500
Nebraska,2017,Q3,47000,8,3700
Nebraska,2017,Q4,42000,18,7500
Nebraska,2018,Q1,14000,3,430
Nebraska,2018,Q2,46000,5,2100
Nebraska,2018,Q3,54000,12,6500
Nebraska,2018,Q4,45000,11,5000
Nebraska,2019,Q1,16500,15,2500
Nebraska,2019,Q3,41000,9,3700
Nebraska,2019,Q4,38000,7,2700
Nebraska,2020,Q1,17000,4,670
Nebraska,2020,Q2,41000,5,1900
Nebraska,2020,Q3,48000,9,4300
Nebraska,2020,Q4,43000,16,7000
Nebraska,2021,Q1,18000,4,640
Nebraska,2021,Q2,37000,5,1800
Nebraska,2021,Q3,49000,12,6000
Nebraska,2021,Q4,43000,17,7500
Nebraska,2022,Q1,30000,3,840
Nebraska,2022,Q2,46000,5,2400
Nebraska,2022,Q3,51000,7,3500
Nebraska,2022,Q4,47000,12,5500
Nebraska,2023,Q1,23000,5,1100
Nebraska,2023,Q2,28000,4,1200
Nebraska,2023,Q3,52000,9,4800
Nebraska,2023,Q4,42000,13,5500
Nebraska,2024,Q1,19500,6,1200
Nebraska,2024,Q2,29000,4,1200
New Jersey,2015,Q1,9000,12,1100
New Jersey,2015,Q2,19000,10,1800
New Jersey,2015,Q3,18500,1,210
New Jersey,2015,Q4,8500,3,270
New Jersey,2016,Q1,6000,17,1000
New Jersey,2016,Q2,18000,8,1500
New Jersey,2016,Q3,18000,2,270
New Jersey,2016,Q4,12000,3,340
New Jersey,2017,Q1,6000,8,490
New Jersey,2017,Q2,21000,2,430
New Jersey,2017,Q3,16000,3,420
New Jersey,2017,Q4,15500,8,1200
New Jersey,2018,Q1,6500,11,730
New Jersey,2018,Q2,15000,2,270
New Jersey,2018,Q3,14000,2,320
New Jersey,2018,Q4,15500,8,1300
New Jersey,2019,Q1,6000,5,310
New Jersey,2019,Q3,16000,4,680
New Jersey,2019,Q4,15500,1,220
New Jersey,2020,Q1,6500,7,430
New Jersey,2020,Q2,21000,3,710
New Jersey,2020,Q3,18500,12,2300
New Jersey,2020,Q4,18000,2,310
New Jersey,2021,Q1,14000,3,350
New Jersey,2021,Q2,19500,2,410
New Jersey,2021,Q3,19500,2,400
New Jersey,2021,Q4,19500,2,430
New Jersey,2022,Q1,15000,4,550
New Jersey,2022,Q2,19000,1,140
New Jersey,2022,Q3,21000,8,1600
New Jersey,2022,Q4,20000,5,1000
New Jersey,2023,Q1,14500,9,1300
New Jersey,2023,Q2,19500,4,720
New Jersey,2023,Q3,22000,2,440
New Jersey,2023,Q4,23000,3,770
New Jersey,2024,Q1,17000,7,1200
New Jersey,2024,Q2,15000,5,710
New Mexico,2015,Q1,7000,10,690
New Mexico,2015,Q2,8500,12,1000
New Mexico,2015,Q3,6500,25,1600
New Mexico,2015,Q4,6000,5,290
New Mexico,2016,Q1,6500,26,1700
New Mexico,2016,Q2,6500,22,1400
New Mexico,2016,Q3,6500,17,1100
New Mexico,2016,Q4,7000,23,1600
New Mexico,2017,Q1,5500,38,2100
New Mexico,2017,Q2,7500,24,1800
New Mexico,2017,Q3,8500,29,2500
New Mexico,2017,Q4,8000,24,1900
New Mexico,2018,Q1,7500,52,3900
New Mexico,2018,Q2,4300,1,50
New Mexico,2018,Q3,7000,17,1200
New Mexico,2018,Q4,8000,38,3000
New Mexico,2019,Q1,4800,4,170
New Mexico,2019,Q3,5500,3,170
New Mexico,2019,Q4,6000,1,70
New Mexico,2020,Q1,6000,1,40
New Mexico,2020,Q2,6000,17,1000
New Mexico,2020,Q3,5500,29,1600
New Mexico,2020,Q4,3600,5,190
New Mexico,2021,Q1,5500,5,270
New Mexico,2021,Q2,5500,12,670
New Mexico,2021,Q3,5500,1,30
New Mexico,2021,Q4,5500,35,1900
New Mexico,2022,Q1,8000,24,1900
New Mexico,2022,Q2,7000,23,1600
New Mexico,2022,Q3,9000,2,150
New Mexico,2022,Q4,9500,10,920
New Mexico,2023,Q1,8500,54,4600
New Mexico,2023,Q2,4300,5,230
New Mexico,2023,Q3,6000,8,500
New Mexico,2023,Q4,6500,17,1100
New Mexico,2024,Q1,4300,28,1200
New Mexico,2024,Q2,2000,15,290
New York,2015,Q1,30000,22,6500
New York,2015,Q2,34000,3,1100
New York,2015,Q3,47000,14,6500
New York,2015,Q4,45000,9,4000
New York,2016,Q1,33000,13,4200
New York,2016,Q2,46000,9,4000
New York,2016,Q3,56000,18,10000
New York,2016,Q4,49000,18,9000
New York,2017,Q1,33000,18,6000
New York,2017,Q2,43000,3,1300
New York,2017,Q3,59000,11,6500
New York,2017,Q4,51000,8,3900
New York,2018,Q1,26000,14,3700
New York,2018,Q2,42000,6,2700
New York,2018,Q3,56000,7,3900
New York,2018,Q4,53000,8,4400
New York,2019,Q1,24000,14,3400
New York,2019,Q3,69000,12,8500
New York,2019,Q4,65000,15,10000
New York,2020,Q1,36000,7,2500
New York,2020,Q2,58000,7,4000
New York,2020,Q3,61000,6,3600
New York,2020,Q4,52000,8,4100
New York,2021,Q1,30000,16,4900
New York,2021,Q2,50000,6,3000
New York,2021,Q3,67000,8,5500
New York,2021,Q4,66000,32,21000
New York,2022,Q1,44000,13,5500
New York,2022,Q2,57000,4,2000
New York,2022,Q3,63000,7,4700
New York,2022,Q4,62000,23,14000
New York,2023,Q1,40000,20,8000
New York,2023,Q2,60000,3,1800
New York,2023,Q3,65000,4,2900
New York,2023,Q4,58000,9,5000
New York,2024,Q1,40000,6,2300
New York,2024,Q2,50000,3,1600
New York,2024,Q3,51000,9,4600
New York,2024,Q4,46000,7,3200
New York,2025,Q1,50000,5,2500
New York,2025,Q2,53000,4,2000
North Carolina,2015,Q1,26000,27,7000
North Carolina,2015,Q2,23000,8,1800
North Carolina,2015,Q3,24000,12,2900
North Carolina,2015,Q4,22000,10,2200
North Carolina,2016,Q1,24000,11,2600
North Carolina,2016,Q2,24000,7,1600
North Carolina,2016,Q3,25000,6,1400
North Carolina,2016,Q4,25000,22,5500
North Carolina,2017,Q1,23000,11,2500
North Carolina,2017,Q2,25000,12,3000
North Carolina,2017,Q3,27000,12,3300
North Carolina,2017,Q4,23000,22,5000
North Carolina,2018,Q1,18500,23,4200
North Carolina,2018,Q2,17500,14,2500
North Carolina,2018,Q3,18000,12,2200
North Carolina,2018,Q4,16000,17,2700
North Carolina,2019,Q1,14500,12,1700
North Carolina,2019,Q3,22000,12,2700
North Carolina,2019,Q4,18000,18,3200
North Carolina,2020,Q1,24000,10,2500
North Carolina,2020,Q2,25000,6,1600
North Carolina,2020,Q3,27000,17,4600
North Carolina,2020,Q4,22000,11,2500
North Carolina,2021,Q1,24000,17,4000
North Carolina,2021,Q2,23000,7,1700
North Carolina,2021,Q3,25000,12,3000
North Carolina,2021,Q4,22000,10,2100
North Carolina,2022,Q1,24000,10,2300
North Carolina,2022,Q2,30000,4,1200
North Carolina,2022,Q3,33000,8,2600
North Carolina,2022,Q4,29000,12,3400
North Carolina,2023,Q1,30000,14,4100
North Carolina,2023,Q2,28000,8,2300
North Carolina,2023,Q3,26000,13,3400
North Carolina,2023,Q4,27000,11,2900
North Carolina,2024,Q1,27000,20,5500
North Carolina,2024,Q2,26000,7,1700
North Carolina,2024,Q3,28000,10,2800
North Carolina,2024,Q4,26000,11,2900
North Carolina,2025,Q1,28000,9,2500
North Carolina,2025,Q2,27000,9,2300
North Dakota,2015,Q1,120000,1,620
North Dakota,2015,Q2,450000,6,29000
North Dakota,2015,Q3,500000,19,93000
North Dakota,2015,Q4,275000,13,35000
North Dakota,2016,Q1,137000,6,8500
North Dakota,2016,Q2,530000,5,27000
North Dakota,2016,Q3,550000,13,71000
North Dakota,2016,Q4,390000,11,44000
North Dakota,2017,Q1,123000,1,640
North Dakota,2017,Q2,450000,4,16000
North Dakota,2017,Q3,490000,10,48000
North Dakota,2017,Q4,410000,6,26000
North Dakota,2018,Q1,101000,3,3200
North Dakota,2018,Q2,460000,5,23000
North Dakota,2018,Q3,490000,12,59000
North Dakota,2018,Q4,435000,7,29000
North Dakota,2019,Q1,102000,1,1100
North Dakota,2019,Q3,530000,15,81000
North Dakota,2019,Q4,420000,6,27000
North Dakota,2020,Q1,82000,9,7500
North Dakota,2020,Q2,415000,5,20000
North Dakota,2020,Q3,495000,11,53000
North Dakota,2020,Q4,445000,10,45000
North Dakota,2021,Q1,65000,,180
North Dakota,2021,Q2,495000,1,6000
North Dakota,2021,Q3,580000,12,67000
North Dakota,2021,Q4,485000,6,27000
North Dakota,2022,Q1,89000,,120
North Dakota,2022,Q2,495000,3,17000
North Dakota,2022,Q3,520000,16,82000
North Dakota,2022,Q4,390000,10,39000
North Dakota,2023,Q1,89000,3,2400
North Dakota,2023,Q2,410000,6,23000
North Dakota,2023,Q3,480000,13,62000
North Dakota,2023,Q4,365000,2,8000
North Dakota,2024,Q1,78000,11,8500
North Dakota,2024,Q2,457000,4,17500
North Dakota,2024,Q3,460000,4,18500
North Dakota,2024,Q4,365000,5,19000
North Dakota,2025,Q1,96000,8,7500
North Dakota,2025,Q2,395000,3,13000
Ohio,2015,Q1,22000,48,10500
Ohio,2015,Q2,19000,11,2100
Ohio,2015,Q3,23000,8,1900
Ohio,2015,Q4,19000,13,2400
Ohio,2016,Q1,16500,18,2900
Ohio,2016,Q2,16500,10,1700
Ohio,2016,Q3,21000,8,1600
Ohio,2016,Q4,19500,11,2100
Ohio,2017,Q1,17500,25,4400
Ohio,2017,Q2,15000,7,1100
Ohio,2017,Q3,23000,8,1800
Ohio,2017,Q4,18500,15,2800
Ohio,2018,Q1,14000,32,4500
Ohio,2018,Q2,13000,12,1500
Ohio,2018,Q3,16000,8,1300
Ohio,2018,Q4,15500,14,2100
Ohio,2019,Q1,12500,28,3500
Ohio,2019,Q3,19500,8,1600
Ohio,2019,Q4,19000,14,2700
Ohio,2020,Q1,21000,29,6000
Ohio,2020,Q2,16500,10,1700
Ohio,2020,Q3,22000,9,1900
Ohio,2020,Q4,21000,8,1600
Ohio,2021,Q1,17500,23,4000
Ohio,2021,Q2,13500,6,820
Ohio,2021,Q3,21000,8,1700
Ohio,2021,Q4,17000,9,1600
Ohio,2022,Q1,16000,15,2400
Ohio,2022,Q2,15500,3,400
Ohio,2022,Q3,19000,6,1100
Ohio,2022,Q4,17500,5,920
Ohio,2023,Q1,21000,12,2500
Ohio,2023,Q2,19500,6,1200
Ohio,2023,Q3,27000,6,1600
Ohio,2023,Q4,16000,8,1200
Ohio,2024,Q1,26000,8,2100
Ohio,2024,Q2,26000,3,660
Ohio,2024,Q3,26000,4,1100
Ohio,2024,Q4,26000,12,3200
Ohio,2025,Q1,28000,6,1800
Ohio,2025,Q2,25000,9,2200
Oklahoma,2015,Q1,26000,23,6000
Oklahoma,2015,Q2,27000,8,2200
Oklahoma,2015,Q3,22000,1,230
Oklahoma,2015,Q4,10000,7,650
Oklahoma,2016,Q1,13500,24,3300
Oklahoma,2016,Q2,13000,2,310
Oklahoma,2016,Q3,3700,15,560
Oklahoma,2016,Q4,44000,6,2700
Oklahoma,2017,Q1,26000,2,550
Oklahoma,2017,Q2,17000,1,200
Oklahoma,2017,Q3,4400,12,510
Oklahoma,2017,Q4,46000,,100
Oklahoma,2018,Q1,18000,21,3700
Oklahoma,2018,Q2,15500,11,1700
Oklahoma,2018,Q3,2100,18,370
Oklahoma,2018,Q4,57000,4,2500
Oklahoma,2019,Q1,55000,,50
Oklahoma,2019,Q3,7500,12,930
Oklahoma,2019,Q4,37000,7,2500
Oklahoma,2020,Q1,19500,4,700
Oklahoma,2020,Q2,16000,9,1500
Oklahoma,2020,Q3,8000,14,1100
Oklahoma,2020,Q4,28000,1,300
Oklahoma,2021,Q1,28000,9,2600
Oklahoma,2021,Q2,17000,21,3600
Oklahoma,2021,Q3,3300,8,260
Oklahoma,2021,Q4,21000,7,1400
Oklahoma,2022,Q1,20000,15,3000
Oklahoma,2022,Q2,20000,50,10000
Oklahoma,2022,Q3,2100,6,120
Oklahoma,2022,Q4,16500,1,180
Oklahoma,2023,Q1,17000,9,1600
Oklahoma,2023,Q2,13000,2,320
Oklahoma,2023,Q3,3200,6,200
Oklahoma,2023,Q4,17500,1,100
Oklahoma,2024,Q1,18000,12,2200
Oklahoma,2024,Q2,15500,8,1300
Oregon,2015,Q1,87000,8,6500
Oregon,2015,Q2,95000,6,5500
Oregon,2015,Q3,100000,9,8500
Oregon,2015,Q4,114000,8,8500
Oregon,2016,Q1,92000,3,2900
Oregon,2016,Q2,132000,3,4300
Oregon,2016,Q3,112000,7,7500
Oregon,2016,Q4,124000,8,9500
Oregon,2017,Q1,90000,9,8000
Oregon,2017,Q2,92000,5,5000
Oregon,2017,Q3,101000,13,13500
Oregon,2017,Q4,94000,11,10000
Oregon,2018,Q1,89000,5,4800
Oregon,2018,Q2,107000,3,3400
Oregon,2018,Q3,117000,11,13000
Oregon,2018,Q4,101000,13,13000
Oregon,2019,Q1,95000,8,7500
Oregon,2019,Q3,118000,7,8000
Oregon,2019,Q4,130000,12,15000
Oregon,2020,Q1,108000,4,4800
Oregon,2020,Q2,96000,3,2500
Oregon,2020,Q3,124000,10,12000
Oregon,2020,Q4,123000,13,15500
Oregon,2021,Q1,80000,4,3100
Oregon,2021,Q2,108000,3,3300
Oregon,2021,Q3,132000,11,14000
Oregon,2021,Q4,103000,10,10500
Oregon,2022,Q1,96000,5,5000
Oregon,2022,Q2,96000,14,13000
Oregon,2022,Q3,97000,11,10500
Oregon,2022,Q4,83000,18,15000
Oregon,2023,Q1,97000,8,8000
Oregon,2023,Q2,95000,24,23000
Oregon,2023,Q3,112000,10,11500
Oregon,2023,Q4,113000,6,6500
Oregon,2024,Q1,101000,8,8000
Oregon,2024,Q2,105000,9,9000
Oregon,2024,Q3,130000,22,29000
Oregon,2024,Q4,104000,17,18000
Oregon,2025,Q1,105500,9,9000
Oregon,2025,Q2,106000,5,5500
Pennsylvania,2015,Q1,21000,31,6500
Pennsylvania,2015,Q2,19000,8,1600
Pennsylvania,2015,Q3,25000,7,1800
Pennsylvania,2015,Q4,23000,11,2500
Pennsylvania,2016,Q1,12500,23,2900
Pennsylvania,2016,Q2,14000,9,1300
Pennsylvania,2016,Q3,22000,6,1300
Pennsylvania,2016,Q4,21000,15,3100
Pennsylvania,2017,Q1,18000,22,4000
Pennsylvania,2017,Q2,17500,3,540
Pennsylvania,2017,Q3,18500,8,1500
Pennsylvania,2017,Q4,24000,23,5500
Pennsylvania,2018,Q1,15000,22,3300
Pennsylvania,2018,Q2,19500,6,1100
Pennsylvania,2018,Q3,21000,4,860
Pennsylvania,2018,Q4,21000,19,4000
Pennsylvania,2019,Q1,15000,19,2900
Pennsylvania,2019,Q3,20000,5,980
Pennsylvania,2019,Q4,21000,18,3800
Pennsylvania,2020,Q1,26000,8,2100
Pennsylvania,2020,Q2,28000,3,930
Pennsylvania,2020,Q3,27000,8,2200
Pennsylvania,2020,Q4,25000,8,1900
Pennsylvania,2021,Q1,24000,23,5500
Pennsylvania,2021,Q2,23000,9,2000
Pennsylvania,2021,Q3,28000,6,1600
Pennsylvania,2021,Q4,26000,9,2400
Pennsylvania,2022,Q1,23000,12,2800
Pennsylvania,2022,Q2,24000,3,730
Pennsylvania,2022,Q3,30000,5,1600
Pennsylvania,2022,Q4,30000,12,3500
Pennsylvania,2023,Q1,29000,17,4800
Pennsylvania,2023,Q2,29000,6,1700
Pennsylvania,2023,Q3,32000,4,1300
Pennsylvania,2023,Q4,25000,9,2300
Pennsylvania,2024,Q1,26000,11,2800
Pennsylvania,2024,Q2,25000,6,1600
Pennsylvania,2024,Q3,29000,7,1900
Pennsylvania,2024,Q4,29000,7,2000
Pennsylvania,2025,Q1,29500,3,1000
Pennsylvania,2025,Q2,30000,3,930
South Carolina,2015,Q1,17500,15,2700
South Carolina,2015,Q2,18500,5,950
South Carolina,2015,Q3,12000,17,2000
South Carolina,2015,Q4,17500,13,2200
South Carolina,2016,Q1,16500,21,3500
South Carolina,2016,Q2,13500,10,1300
South Carolina,2016,Q3,13500,7,920
South Carolina,2016,Q4,17000,8,1300
South Carolina,2017,Q1,17500,9,1600
South Carolina,2017,Q2,20000,4,870
South Carolina,2017,Q3,14500,12,1700
South Carolina,2017,Q4,15000,13,2000
South Carolina,2018,Q1,14500,12,1800
South Carolina,2018,Q2,14000,9,1300
South Carolina,2018,Q3,11500,12,1400
South Carolina,2018,Q4,12500,12,1500
South Carolina,2019,Q1,13000,5,690
South Carolina,2019,Q3,14500,15,2200
South Carolina,2019,Q4,13500,14,1900
South Carolina,2020,Q1,17000,8,1400
South Carolina,2020,Q2,18500,9,1700
South Carolina,2020,Q3,13500,13,1800
South Carolina,2020,Q4,18500,14,2600
South Carolina,2021,Q1,18000,7,1200
South Carolina,2021,Q2,19000,9,1700
South Carolina,2021,Q3,20000,11,2200
South Carolina,2021,Q4,21000,15,3200
South Carolina,2022,Q1,20000,13,2500
South Carolina,2022,Q2,23000,11,2500
South Carolina,2022,Q3,15500,16,2500
South Carolina,2022,Q4,15500,11,1700
South Carolina,2023,Q1,16000,11,1700
South Carolina,2023,Q2,17500,7,1200
South Carolina,2023,Q3,16000,14,2300
South Carolina,2023,Q4,18000,7,1300
South Carolina,2024,Q1,14000,6,870
South Carolina,2024,Q2,14500,3,470
South Dakota,2015,Q1,97000,5,4600
South Dakota,2015,Q2,290000,7,21000
South Dakota,2015,Q3,295000,18,53000
South Dakota,2015,Q4,205000,4,9000
South Dakota,2016,Q1,79000,13,10500
South Dakota,2016,Q2,182000,6,11000
South Dakota,2016,Q3,191000,13,25000
South Dakota,2016,Q4,146000,8,11000
South Dakota,2017,Q1,48000,6,2700
South Dakota,2017,Q2,168000,8,13000
South Dakota,2017,Q3,159000,10,16500
South Dakota,2017,Q4,111000,6,6500
South Dakota,2018,Q1,29000,1,390
South Dakota,2018,Q2,169000,10,17000
South Dakota,2018,Q3,197000,11,22000
South Dakota,2018,Q4,140000,15,21000
South Dakota,2019,Q1,18500,6,1100
South Dakota,2019,Q3,255000,20,51000
South Dakota,2019,Q4,189000,4,7500
South Dakota,2020,Q1,20000,6,1200
South Dakota,2020,Q2,220000,2,4600
South Dakota,2020,Q3,235000,28,66000
South Dakota,2020,Q4,197000,8,16000
South Dakota,2021,Q1,34000,1,450
South Dakota,2021,Q2,210000,3,7000
South Dakota,2021,Q3,235000,12,29000
South Dakota,2021,Q4,190000,6,11500
South Dakota,2022,Q1,28000,4,1000
South Dakota,2022,Q2,177000,2,4200
South Dakota,2022,Q3,194000,11,22000
South Dakota,2022,Q4,175000,15,27000
South Dakota,2023,Q1,93000,2,2200
South Dakota,2023,Q2,146000,2,2600
South Dakota,2023,Q3,200000,10,20000
South Dakota,2023,Q4,188000,1,2600
South Dakota,2024,Q1,78000,3,2000
South Dakota,2024,Q2,217000,4,8000
South Dakota,2024,Q3,225000,7,15000
South Dakota,2024,Q4,200000,10,20000
South Dakota,2025,Q1,80000,6,4600
South Dakota,2025,Q2,220000,3,6000
Tennessee,2015,Q1,9500,21,2000
Tennessee,2015,Q2,7500,10,730
Tennessee,2015,Q3,10000,12,1200
Tennessee,2015,Q4,10000,11,1100
Tennessee,2016,Q1,9000,19,1700
Tennessee,2016,Q2,8000,7,580
Tennessee,2016,Q3,10000,10,950
Tennessee,2016,Q4,9000,9,840
Tennessee,2017,Q1,8500,19,1600
Tennessee,2017,Q2,9000,14,1300
Tennessee,2017,Q3,10000,17,1700
Tennessee,2017,Q4,10500,12,1300
Tennessee,2018,Q1,10000,34,3400
Tennessee,2018,Q2,8000,15,1200
Tennessee,2018,Q3,9000,10,900
Tennessee,2018,Q4,8500,22,1900
Tennessee,2019,Q1,7000,21,1500
Tennessee,2019,Q3,14000,32,4500
Tennessee,2019,Q4,11000,12,1300
Tennessee,2020,Q1,14000,19,2700
Tennessee,2020,Q2,13500,9,1200
Tennessee,2020,Q3,15000,15,2200
Tennessee,2020,Q4,13500,5,680
Tennessee,2021,Q1,13500,16,2200
Tennessee,2021,Q2,12000,6,720
Tennessee,2021,Q3,15500,7,1100
Tennessee,2021,Q4,15500,9,1400
Tennessee,2022,Q1,10500,22,2300
Tennessee,2022,Q2,11500,38,4400
Tennessee,2022,Q3,10500,15,1600
Tennessee,2022,Q4,10500,13,1400
Tennessee,2023,Q1,12000,15,1800
Tennessee,2023,Q2,13500,7,920
Tennessee,2023,Q3,14500,13,1900
Tennessee,2023,Q4,12500,15,1900
Tennessee,2024,Q1,11500,15,1700
Tennessee,2024,Q2,12000,6,760
Texas,2015,Q1,250000,10,26000
Texas,2015,Q2,315000,11,33000
Texas,2015,Q3,136000,12,16500
Texas,2015,Q4,250000,10,25000
Texas,2016,Q1,320000,9,30000
Texas,2016,Q2,350000,10,36000
Texas,2016,Q3,143000,8,12000
Texas,2016,Q4,310000,13,39000
Texas,2017,Q1,340000,14,49000
Texas,2017,Q2,350000,8,28000
Texas,2017,Q3,115000,13,15000
Texas,2017,Q4,285000,7,20000
Texas,2018,Q1,290000,11,32000
Texas,2018,Q2,315000,12,38000
Texas,2018,Q3,124000,6,7500
Texas,2018,Q4,260000,7,17000
Texas,2019,Q1,330000,5,17000
Texas,2019,Q3,133000,8,11000
Texas,2019,Q4,240000,7,17500
Texas,2020,Q1,340000,10,35000
Texas,2020,Q2,385000,9,35000
Texas,2020,Q3,173000,5,9500
Texas,2020,Q4,255000,17,43000
Texas,2021,Q1,355000,8,30000
Texas,2021,Q2,425000,17,74000
Texas,2021,Q3,144000,3,4000
Texas,2021,Q4,290000,8,23000
Texas,2022,Q1,400000,9,37000
Texas,2022,Q2,415000,11,46000
Texas,2022,Q3,205000,4,8500
Texas,2022,Q4,260000,3,7500
Texas,2023,Q1,300000,7,20000
Texas,2023,Q2,360000,5,16500
Texas,2023,Q3,205000,4,7500
Texas,2023,Q4,220000,4,9500
Texas,2024,Q1,290000,10,28000
Texas,2024,Q2,300000,13,38000
Texas,2024,Q3,107000,7,7000
Texas,2024,Q4,190000,9,17000
Texas,2025,Q1,356000,5,19000
Texas,2025,Q2,380000,6,23000
Utah,2015,Q1,24000,14,3300
Utah,2015,Q2,27000,13,3400
Utah,2015,Q3,36000,22,8000
Utah,2015,Q4,28000,7,1900
Utah,2016,Q1,14500,13,1900
Utah,2016,Q2,25000,19,4800
Utah,2016,Q3,33000,10,3200
Utah,2016,Q4,30000,5,1600
Utah,2017,Q1,19000,14,2700
Utah,2017,Q2,31000,9,2700
Utah,2017,Q3,35000,19,6500
Utah,2017,Q4,29000,7,2000
Utah,2018,Q1,17000,4,620
Utah,2018,Q2,26000,7,1900
Utah,2018,Q3,30000,15,4400
Utah,2018,Q4,27000,13,3400
Utah,2019,Q1,11000,16,1800
Utah,2019,Q3,29000,10,2800
Utah,2019,Q4,32000,14,4400
Utah,2020,Q1,19000,6,1100
Utah,2020,Q2,31000,9,2800
Utah,2020,Q3,30000,7,2000
Utah,2020,Q4,29000,13,3800
Utah,2021,Q1,19500,13,2600
Utah,2021,Q2,31000,12,3800
Utah,2021,Q3,37000,8,2900
Utah,2021,Q4,37000,9,3200
Utah,2022,Q1,32000,13,4100
Utah,2022,Q2,29000,16,4600
Utah,2022,Q3,32000,13,4200
Utah,2022,Q4,26000,7,1800
Utah,2023,Q1,24000,11,2600
Utah,2023,Q2,18500,20,3700
Utah,2023,Q3,22000,10,2300
Utah,2023,Q4,23000,12,2700
Utah,2024,Q1,17500,6,980
Utah,2024,Q2,20000,8,1500
Vermont,2015,Q1,5500,13,700
Vermont,2015,Q2,6000,2,100
Vermont,2015,Q3,6500,1,40
Vermont,2015,Q4,6500,15,940
Vermont,2016,Q1,5500,7,410
Vermont,2016,Q2,6500,0,20
Vermont,2016,Q3,6500,6,400
Vermont,2016,Q4,6500,4,260
Vermont,2017,Q1,6500,7,440
Vermont,2017,Q2,8000,2,170
Vermont,2017,Q3,7500,2,180
Vermont,2017,Q4,6500,7,470
Vermont,2018,Q1,5500,15,810
Vermont,2018,Q2,6500,8,520
Vermont,2018,Q3,7000,1,90
Vermont,2018,Q4,6500,3,170
Vermont,2019,Q1,6500,4,260
Vermont,2019,Q3,7000,2,120
Vermont,2019,Q4,7000,3,190
Vermont,2020,Q1,7000,7,520
Vermont,2020,Q2,7000,3,200
Vermont,2020,Q3,7500,3,210
Vermont,2020,Q4,8000,3,270
Vermont,2021,Q1,7500,17,1300
Vermont,2021,Q2,7000,1,40
Vermont,2021,Q3,7000,,10
Vermont,2021,Q4,7000,1,40
Vermont,2022,Q1,7500,5,380
Vermont,2022,Q2,8500,2,150
Vermont,2022,Q3,10000,2,240
Vermont,2022,Q4,10000,4,370
Vermont,2023,Q1,10000,4,400
Vermont,2023,Q2,9500,2,160
Vermont,2023,Q3,10000,2,170
Vermont,2023,Q4,6500,1,90
Vermont,2024,Q1,7500,3,230
Vermont,2024,Q2,10500,1,130
Virginia,2015,Q1,9000,28,2500
Virginia,2015,Q2,7500,4,270
Virginia,2015,Q3,8000,9,680
Virginia,2015,Q4,7500,10,750
Virginia,2016,Q1,6500,17,1100
Virginia,2016,Q2,6500,4,230
Virginia,2016,Q3,8000,10,810
Virginia,2016,Q4,7000,10,730
Virginia,2017,Q1,8000,18,1400
Virginia,2017,Q2,9500,11,1000
Virginia,2017,Q3,11500,10,1200
Virginia,2017,Q4,9500,12,1100
Virginia,2018,Q1,7000,30,2100
Virginia,2018,Q2,6000,8,500
Virginia,2018,Q3,7500,8,610
Virginia,2018,Q4,7000,16,1100
Virginia,2019,Q1,5500,20,1100
Virginia,2019,Q3,9000,6,570
Virginia,2019,Q4,8000,15,1200
Virginia,2020,Q1,7000,16,1100
Virginia,2020,Q2,8000,15,1200
Virginia,2020,Q3,8500,14,1200
Virginia,2020,Q4,8500,12,1000
Virginia,2021,Q1,7500,19,1400
Virginia,2021,Q2,8500,6,530
Virginia,2021,Q3,10500,8,890
Virginia,2021,Q4,8500,11,930
Virginia,2022,Q1,9500,18,1700
Virginia,2022,Q2,10500,6,580
Virginia,2022,Q3,12000,8,1000
Virginia,2022,Q4,10500,12,1300
Virginia,2023,Q1,10500,11,1200
Virginia,2023,Q2,10500,6,670
Virginia,2023,Q3,11500,9,1000
Virginia,2023,Q4,10500,20,2100
Virginia,2024,Q1,10500,11,1200
Virginia,2024,Q2,11000,4,450
Washington,2015,Q1,105000,13,14000
Washington,2015,Q2,127000,4,5000
Washington,2015,Q3,97000,12,11500
Washington,2015,Q4,89000,7,6500
Washington,2016,Q1,146000,9,13500
Washington,2016,Q2,143000,4,6000
Washington,2016,Q3,74000,7,5000
Washington,2016,Q4,97000,9,9000
Washington,2017,Q1,104000,9,9000
Washington,2017,Q2,111000,6,7000
Washington,2017,Q3,92000,18,17000
Washington,2017,Q4,72000,6,4000
Washington,2018,Q1,90000,5,4600
Washington,2018,Q2,122000,6,7500
Washington,2018,Q3,84000,14,12000
Washington,2018,Q4,81000,14,11000
Washington,2019,Q1,75000,9,7000
Washington,2019,Q3,97000,22,21000
Washington,2019,Q4,93000,13,12500
Washington,2020,Q1,74000,2,1500
Washington,2020,Q2,114000,3,3500
Washington,2020,Q3,104000,7,7000
Washington,2020,Q4,103000,16,16500
Washington,2021,Q1,70000,8,5500
Washington,2021,Q2,122000,2,2900
Washington,2021,Q3,79000,6,4900
Washington,2021,Q4,83000,8,6500
Washington,2022,Q1,102000,7,7500
Washington,2022,Q2,109000,13,14000
Washington,2022,Q3,84000,4,3000
Washington,2022,Q4,89000,8,7500
Washington,2023,Q1,99000,14,13500
Washington,2023,Q2,123000,4,4400
Washington,2023,Q3,82000,3,2400
Washington,2023,Q4,92000,21,19000
Washington,2024,Q1,114000,6,6500
Washington,2024,Q2,128000,5,6000
Washington,2024,Q3,92000,5,5000
Washington,2024,Q4,106000,13,14000
Washington,2025,Q1,100000,3,2500
Washington,2025,Q2,113000,7,7500
West Virginia,2015,Q1,6000,30,1800
West Virginia,2015,Q2,4700,12,570
West Virginia,2015,Q3,7000,4,300
West Virginia,2015,Q4,7000,9,610
West Virginia,2016,Q1,8000,21,1700
West Virginia,2016,Q2,7000,14,990
West Virginia,2016,Q3,7500,3,190
West Virginia,2016,Q4,7500,13,1000
West Virginia,2017,Q1,8000,10,800
West Virginia,2017,Q2,7500,5,370
West Virginia,2017,Q3,9000,10,930
West Virginia,2017,Q4,8500,14,1200
West Virginia,2018,Q1,8500,29,2500
West Virginia,2018,Q2,7000,8,570
West Virginia,2018,Q3,8000,7,520
West Virginia,2018,Q4,7000,17,1200
West Virginia,2019,Q1,7000,19,1300
West Virginia,2019,Q3,10000,11,1100
West Virginia,2019,Q4,8000,19,1500
West Virginia,2020,Q1,8000,14,1100
West Virginia,2020,Q2,7500,8,570
West Virginia,2020,Q3,8000,7,540
West Virginia,2020,Q4,7500,7,550
West Virginia,2021,Q1,9000,13,1200
West Virginia,2021,Q2,9000,2,170
West Virginia,2021,Q3,8000,7,570
West Virginia,2021,Q4,7500,7,560
West Virginia,2022,Q1,5000,20,1000
West Virginia,2022,Q2,7500,3,260
West Virginia,2022,Q3,8000,5,360
West Virginia,2022,Q4,8000,14,1100
West Virginia,2023,Q1,6000,10,600
West Virginia,2023,Q2,6500,5,350
West Virginia,2023,Q3,8000,3,230
West Virginia,2023,Q4,8000,12,930
West Virginia,2024,Q1,6500,10,640
West Virginia,2024,Q2,7000,7,460
Wisconsin,2015,Q1,29000,28,8000
Wisconsin,2015,Q2,65000,7,4600
Wisconsin,2015,Q3,62000,15,9000
Wisconsin,2015,Q4,48000,14,6500
Wisconsin,2016,Q1,21000,15,3100
Wisconsin,2016,Q2,78000,7,5500
Wisconsin,2016,Q3,75000,16,12000
Wisconsin,2016,Q4,59000,13,7500
Wisconsin,2017,Q1,22000,20,4400
Wisconsin,2017,Q2,65000,6,4000
Wisconsin,2017,Q3,75000,17,12500
Wisconsin,2017,Q4,55000,15,8500
Wisconsin,2018,Q1,29000,16,4600
Wisconsin,2018,Q2,56000,12,6500
Wisconsin,2018,Q3,69000,14,10000
Wisconsin,2018,Q4,48000,18,8500
Wisconsin,2019,Q1,17000,22,3700
Wisconsin,2019,Q3,63000,10,6500
Wisconsin,2019,Q4,46000,18,8500
Wisconsin,2020,Q1,28000,7,1900
Wisconsin,2020,Q2,55000,3,1700
Wisconsin,2020,Q3,68000,12,8000
Wisconsin,2020,Q4,60000,13,8000
Wisconsin,2021,Q1,44000,6,2500
Wisconsin,2021,Q2,57000,4,2100
Wisconsin,2021,Q3,66000,11,7000
Wisconsin,2021,Q4,47000,12,5500
Wisconsin,2022,Q1,53000,5,2800
Wisconsin,2022,Q2,62000,3,1600
Wisconsin,2022,Q3,58000,24,14000
Wisconsin,2022,Q4,47000,7,3500
Wisconsin,2023,Q1,29000,11,3300
Wisconsin,2023,Q2,54000,1,570
Wisconsin,2023,Q3,59000,12,7000
Wisconsin,2023,Q4,51000,13,6500
Wisconsin,2024,Q1,57000,3,1600
Wisconsin,2024,Q2,67000,6,3800
Wisconsin,2024,Q3,80000,19,15500
Wisconsin,2024,Q4,56000,15,8500
Wisconsin,2025,Q1,48000,6,3000
Wisconsin,2025,Q2,55000,5,2800
Wyoming,2015,Q1,12000,17,2000
Wyoming,2015,Q2,25000,13,3200
Wyoming,2015,Q3,35000,7,2500
Wyoming,2015,Q4,25000,5,1300
Wyoming,2016,Q1,6500,5,340
Wyoming,2016,Q2,27000,10,2600
Wyoming,2016,Q3,40000,18,7000
Wyoming,2016,Q4,27000,8,2200
Wyoming,2017,Q1,17000,21,3600
Wyoming,2017,Q2,30000,4,1300
Wyoming,2017,Q3,36000,15,5500
Wyoming,2017,Q4,29000,12,3500
Wyoming,2018,Q1,9000,2,220
Wyoming,2018,Q2,28000,8,2300
Wyoming,2018,Q3,34000,11,3900
Wyoming,2018,Q4,32000,8,2700
Wyoming,2019,Q1,9500,3,250
Wyoming,2019,Q3,27000,11,3000
Wyoming,2019,Q4,28000,12,3300
Wyoming,2020,Q1,17000,1,140
Wyoming,2020,Q2,30000,7,2000
Wyoming,2020,Q3,34000,11,3600
Wyoming,2020,Q4,25000,6,1600
Wyoming,2021,Q1,14500,15,2200
Wyoming,2021,Q2,30000,9,2700
Wyoming,2021,Q3,36000,6,2200
Wyoming,2021,Q4,22000,11,2400
Wyoming,2022,Q1,8000,2,180
Wyoming,2022,Q2,26000,7,1900
Wyoming,2022,Q3,30000,13,3900
Wyoming,2022,Q4,21000,15,3200
Wyoming,2023,Q1,17000,1,150
Wyoming,2023,Q2,19000,7,1400
Wyoming,2023,Q3,23000,,860
Wyoming,2023,Q4,18500,,1700
Wyoming,2024,Q1,13000,4,490
Wyoming,2024,Q2,25000,6,1400
